0.jpg,0
0 (2).jpg,0
0 (3).jpg,0
0 (4).jpg,0
0 (5).jpg,0
0 (6).jpg,0
0 (7).jpg,0
0 (8).jpg,0
0 (9).jpg,0
0 (10).jpg,0
1.jpg,0
1 (2).jpg,0
1 (3).jpg,0
1 (4).jpg,0
1 (5).jpg,0
1 (6).jpg,0
1 (7).jpg,0
1 (8).jpg,0
1 (9).jpg,0
1 (10).jpg,0
2.jpg,0
2 (2).jpg,0
2 (3).jpg,0
2 (4).jpg,0
2 (5).jpg,0
2 (6).jpg,0
2 (7).jpg,0
2 (8).jpg,0
2 (9).jpg,0
2 (10).jpg,0
3.jpg,0
3 (2).jpg,0
3 (3).jpg,0
3 (4).jpg,0
3 (5).jpg,0
3 (6).jpg,0
3 (7).jpg,0
3 (8).jpg,0
3 (9).jpg,0
3 (10).jpg,0
4.jpg,0
4 (2).jpg,0
4 (3).jpg,0
4 (4).jpg,0
4 (5).jpg,0
4 (6).jpg,0
4 (7).jpg,0
4 (8).jpg,0
4 (9).jpg,0
4 (10).jpg,0
5.jpg,0
5 (2).jpg,0
5 (3).jpg,0
5 (4).jpg,0
5 (5).jpg,0
5 (6).jpg,0
5 (7).jpg,0
5 (8).jpg,0
5 (9).jpg,0
5 (10).jpg,0
6.jpg,0
6 (2).jpg,0
6 (3).jpg,0
6 (4).jpg,0
6 (5).jpg,0
6 (6).jpg,0
6 (7).jpg,0
6 (8).jpg,0
6 (9).jpg,0
6 (10).jpg,0
7.jpg,0
7 (2).jpg,0
7 (3).jpg,0
7 (4).jpg,0
7 (5).jpg,0
7 (6).jpg,0
7 (7).jpg,0
7 (8).jpg,0
7 (9).jpg,0
7 (10).jpg,0
8.jpg,0
8 (2).jpg,0
8 (3).jpg,0
8 (4).jpg,0
8 (5).jpg,0
8 (6).jpg,0
8 (7).jpg,0
8 (8).jpg,0
8 (9).jpg,0
8 (10).jpg,0
9.jpg,0
9 (2).jpg,0
9 (3).jpg,0
9 (4).jpg,0
9 (5).jpg,0
9 (6).jpg,0
9 (7).jpg,0
9 (8).jpg,0
9 (9).jpg,0
9 (10).jpg,0
10.jpg,0
10 (2).jpg,0
10 (3).jpg,0
10 (4).jpg,0
10 (5).jpg,0
10 (6).jpg,0
10 (7).jpg,0
10 (8).jpg,0
10 (9).jpg,0
10 (10).jpg,0
11.jpg,0
11 (2).jpg,0
11 (3).jpg,0
11 (4).jpg,0
11 (5).jpg,0
11 (6).jpg,0
11 (7).jpg,0
11 (8).jpg,0
11 (9).jpg,0
11 (10).jpg,0
12.jpg,0
12 (2).jpg,0
12 (3).jpg,0
12 (4).jpg,0
12 (5).jpg,0
12 (6).jpg,0
12 (7).jpg,0
12 (8).jpg,0
12 (9).jpg,0
12 (10).jpg,0
13.jpg,0
13 (2).jpg,0
13 (3).jpg,0
13 (4).jpg,0
13 (5).jpg,0
13 (6).jpg,0
13 (7).jpg,0
13 (8).jpg,0
13 (9).jpg,0
13 (10).jpg,0
14.jpg,0
14 (2).jpg,0
14 (3).jpg,0
14 (4).jpg,0
14 (5).jpg,0
14 (6).jpg,0
14 (7).jpg,0
14 (8).jpg,0
14 (9).jpg,0
14 (10).jpg,0
15.jpg,0
15 (2).jpg,0
15 (3).jpg,0
15 (4).jpg,0
15 (5).jpg,0
15 (6).jpg,0
15 (7).jpg,0
15 (8).jpg,0
15 (9).jpg,0
15 (10).jpg,0
16.jpg,0
16 (2).jpg,0
16 (3).jpg,0
16 (4).jpg,0
16 (5).jpg,0
16 (6).jpg,0
16 (7).jpg,0
16 (8).jpg,0
16 (9).jpg,0
16 (10).jpg,0
17.jpg,0
17 (2).jpg,0
17 (3).jpg,0
17 (4).jpg,0
17 (5).jpg,0
17 (6).jpg,0
17 (7).jpg,0
17 (8).jpg,0
17 (9).jpg,0
17 (10).jpg,0
18.jpg,0
18 (2).jpg,0
18 (3).jpg,0
18 (4).jpg,0
18 (5).jpg,0
18 (6).jpg,0
18 (7).jpg,0
18 (8).jpg,0
18 (9).jpg,0
18 (10).jpg,0
19.jpg,0
19 (2).jpg,0
19 (3).jpg,0
19 (4).jpg,0
19 (5).jpg,0
19 (6).jpg,0
19 (7).jpg,0
19 (8).jpg,0
19 (9).jpg,0
19 (10).jpg,0
20.jpg,0
20 (2).jpg,0
20 (3).jpg,0
20 (4).jpg,0
20 (5).jpg,0
20 (6).jpg,0
20 (7).jpg,0
20 (8).jpg,0
20 (9).jpg,0
20 (10).jpg,0
21.jpg,0
21 (2).jpg,0
21 (3).jpg,0
21 (4).jpg,0
21 (5).jpg,0
21 (6).jpg,0
21 (7).jpg,0
21 (8).jpg,0
21 (9).jpg,0
21 (10).jpg,0
22.jpg,0
22 (2).jpg,0
22 (3).jpg,0
22 (4).jpg,0
22 (5).jpg,0
22 (6).jpg,0
22 (7).jpg,0
22 (8).jpg,0
22 (9).jpg,0
22 (10).jpg,0
23.jpg,0
23 (2).jpg,0
23 (3).jpg,0
23 (4).jpg,0
23 (5).jpg,0
23 (6).jpg,0
23 (7).jpg,0
23 (8).jpg,0
23 (9).jpg,0
23 (10).jpg,0
24.jpg,0
24 (2).jpg,0
24 (3).jpg,0
24 (4).jpg,0
24 (5).jpg,0
24 (6).jpg,0
24 (7).jpg,0
24 (8).jpg,0
24 (9).jpg,0
24 (10).jpg,0
0999.jpg,1
0999 (10).jpg,1
0999 (9).jpg,1
0999 (8).jpg,1
0999 (7).jpg,1
0999 (6).jpg,1
0999 (5).jpg,1
0999 (4).jpg,1
0999 (3).jpg,1
0999 (2).jpg,1
0998.jpg,1
0998 (10).jpg,1
0998 (9).jpg,1
0998 (8).jpg,1
0998 (7).jpg,1
0998 (6).jpg,1
0998 (5).jpg,1
0998 (4).jpg,1
0998 (3).jpg,1
0998 (2).jpg,1
0997.jpg,1
0997 (10).jpg,1
0997 (9).jpg,1
0997 (8).jpg,1
0997 (7).jpg,1
0997 (6).jpg,1
0997 (5).jpg,1
0997 (4).jpg,1
0997 (3).jpg,1
0997 (2).jpg,1
0996.jpg,1
0996 (10).jpg,1
0996 (9).jpg,1
0996 (8).jpg,1
0996 (7).jpg,1
0996 (6).jpg,1
0996 (5).jpg,1
0996 (4).jpg,1
0996 (3).jpg,1
0996 (2).jpg,1
0995.jpg,1
0995 (10).jpg,1
0995 (9).jpg,1
0995 (8).jpg,1
0995 (7).jpg,1
0995 (6).jpg,1
0995 (5).jpg,1
0995 (4).jpg,1
0995 (3).jpg,1
0995 (2).jpg,1
0994.jpg,1
0994 (10).jpg,1
0994 (9).jpg,1
0994 (8).jpg,1
0994 (7).jpg,1
0994 (6).jpg,1
0994 (5).jpg,1
0994 (4).jpg,1
0994 (3).jpg,1
0994 (2).jpg,1
0993.jpg,1
0993 (10).jpg,1
0993 (9).jpg,1
0993 (8).jpg,1
0993 (7).jpg,1
0993 (6).jpg,1
0993 (5).jpg,1
0993 (4).jpg,1
0993 (3).jpg,1
0993 (2).jpg,1
0992.jpg,1
0992 (10).jpg,1
0992 (9).jpg,1
0992 (8).jpg,1
0992 (7).jpg,1
0992 (6).jpg,1
0992 (5).jpg,1
0992 (4).jpg,1
0992 (3).jpg,1
0992 (2).jpg,1
0991.jpg,1
0991 (10).jpg,1
0991 (9).jpg,1
0991 (8).jpg,1
0991 (7).jpg,1
0991 (6).jpg,1
0991 (5).jpg,1
0991 (4).jpg,1
0991 (3).jpg,1
0991 (2).jpg,1
0990.jpg,1
0990 (10).jpg,1
0990 (9).jpg,1
0990 (8).jpg,1
0990 (7).jpg,1
0990 (6).jpg,1
0990 (5).jpg,1
0990 (4).jpg,1
0990 (3).jpg,1
0990 (2).jpg,1
0989.jpg,1
0989 (10).jpg,1
0989 (9).jpg,1
0989 (8).jpg,1
0989 (7).jpg,1
0989 (6).jpg,1
0989 (5).jpg,1
0989 (4).jpg,1
0989 (3).jpg,1
0989 (2).jpg,1
0988.jpg,1
0988 (10).jpg,1
0988 (9).jpg,1
0988 (8).jpg,1
0988 (7).jpg,1
0988 (6).jpg,1
0988 (5).jpg,1
0988 (4).jpg,1
0988 (3).jpg,1
0988 (2).jpg,1
0987.jpg,1
0987 (10).jpg,1
0987 (9).jpg,1
0987 (8).jpg,1
0987 (7).jpg,1
0987 (6).jpg,1
0987 (5).jpg,1
0987 (4).jpg,1
0987 (3).jpg,1
0987 (2).jpg,1
0986.jpg,1
0986 (10).jpg,1
0986 (9).jpg,1
0986 (8).jpg,1
0986 (7).jpg,1
0986 (6).jpg,1
0986 (5).jpg,1
0986 (4).jpg,1
0986 (3).jpg,1
0986 (2).jpg,1
0985.jpg,1
0985 (10).jpg,1
0985 (9).jpg,1
0985 (8).jpg,1
0985 (7).jpg,1
0985 (6).jpg,1
0985 (5).jpg,1
0985 (4).jpg,1
0985 (3).jpg,1
0985 (2).jpg,1
0984.jpg,1
0984 (10).jpg,1
0984 (9).jpg,1
0984 (8).jpg,1
0984 (7).jpg,1
0984 (6).jpg,1
0984 (5).jpg,1
0984 (4).jpg,1
0984 (3).jpg,1
0984 (2).jpg,1
0983.jpg,1
0983 (10).jpg,1
0983 (9).jpg,1
0983 (8).jpg,1
0983 (7).jpg,1
0983 (6).jpg,1
0983 (5).jpg,1
0983 (4).jpg,1
0983 (3).jpg,1
0983 (2).jpg,1
0982.jpg,1
0982 (10).jpg,1
0982 (9).jpg,1
0982 (8).jpg,1
0982 (7).jpg,1
0982 (6).jpg,1
0982 (5).jpg,1
0982 (4).jpg,1
0982 (3).jpg,1
0982 (2).jpg,1
0981.jpg,1
0981 (10).jpg,1
0981 (9).jpg,1
0981 (8).jpg,1
0981 (7).jpg,1
0981 (6).jpg,1
0981 (5).jpg,1
0981 (4).jpg,1
0981 (3).jpg,1
0981 (2).jpg,1
0980.jpg,1
0980 (10).jpg,1
0980 (9).jpg,1
0980 (8).jpg,1
0980 (7).jpg,1
0980 (6).jpg,1
0980 (5).jpg,1
0980 (4).jpg,1
0980 (3).jpg,1
0980 (2).jpg,1
0979.jpg,1
0979 (10).jpg,1
0979 (9).jpg,1
0979 (8).jpg,1
0979 (7).jpg,1
0979 (6).jpg,1
0979 (5).jpg,1
0979 (4).jpg,1
0979 (3).jpg,1
0979 (2).jpg,1
0978.jpg,1
0978 (10).jpg,1
0978 (9).jpg,1
0978 (8).jpg,1
0978 (7).jpg,1
0978 (6).jpg,1
0978 (5).jpg,1
0978 (4).jpg,1
0978 (3).jpg,1
0978 (2).jpg,1
0977.jpg,1
0977 (10).jpg,1
0977 (9).jpg,1
0977 (8).jpg,1
0977 (7).jpg,1
0977 (6).jpg,1
0977 (5).jpg,1
0977 (4).jpg,1
0977 (3).jpg,1
0977 (2).jpg,1
0976.jpg,1
0976 (10).jpg,1
0976 (9).jpg,1
0976 (8).jpg,1
0976 (7).jpg,1
0976 (6).jpg,1
0976 (5).jpg,1
0976 (4).jpg,1
0976 (3).jpg,1
0976 (2).jpg,1
0975.jpg,1
0975 (10).jpg,1
0975 (9).jpg,1
0975 (8).jpg,1
0975 (7).jpg,1
0975 (6).jpg,1
0975 (5).jpg,1
0975 (4).jpg,1
0975 (3).jpg,1
0975 (2).jpg,1
1000 (2).jpg,0
1000 (3).jpg,0
1000 (4).jpg,0
1000 (5).jpg,0
1000 (6).jpg,0
1000 (7).jpg,0
1000 (8).jpg,0
1000 (9).jpg,0
1000 (10).jpg,0
1000.jpg,0
1001 (2).jpg,0
1001 (3).jpg,0
1001 (4).jpg,0
1001 (5).jpg,0
1001 (6).jpg,0
1001 (7).jpg,0
1001 (8).jpg,0
1001 (9).jpg,0
1001 (10).jpg,0
1001.jpg,0
1002 (2).jpg,0
1002 (3).jpg,0
1002 (4).jpg,0
1002 (5).jpg,0
1002 (6).jpg,0
1002 (7).jpg,0
1002 (8).jpg,0
1002 (9).jpg,0
1002 (10).jpg,0
1002.jpg,0
1003 (2).jpg,0
1003 (3).jpg,0
1003 (4).jpg,0
1003 (5).jpg,0
1003 (6).jpg,0
1003 (7).jpg,0
1003 (8).jpg,0
1003 (9).jpg,0
1003 (10).jpg,0
1003.jpg,0
1004 (2).jpg,0
1004 (3).jpg,0
1004 (4).jpg,0
1004 (5).jpg,0
1004 (6).jpg,0
1004 (7).jpg,0
1004 (8).jpg,0
1004 (9).jpg,0
1004 (10).jpg,0
1004.jpg,0
1005 (2).jpg,0
1005 (3).jpg,0
1005 (4).jpg,0
1005 (5).jpg,0
1005 (6).jpg,0
1005 (7).jpg,0
1005 (8).jpg,0
1005 (9).jpg,0
1005 (10).jpg,0
1005.jpg,0
1006 (2).jpg,0
1006 (3).jpg,0
1006 (4).jpg,0
1006 (5).jpg,0
1006 (6).jpg,0
1006 (7).jpg,0
1006 (8).jpg,0
1006 (9).jpg,0
1006 (10).jpg,0
1006.jpg,0
1007 (2).jpg,0
1007 (3).jpg,0
1007 (4).jpg,0
1007 (5).jpg,0
1007 (6).jpg,0
1007 (7).jpg,0
1007 (8).jpg,0
1007 (9).jpg,0
1007 (10).jpg,0
1007.jpg,0
1008 (2).jpg,0
1008 (3).jpg,0
1008 (4).jpg,0
1008 (5).jpg,0
1008 (6).jpg,0
1008 (7).jpg,0
1008 (8).jpg,0
1008 (9).jpg,0
1008 (10).jpg,0
1008.jpg,0
1009 (2).jpg,0
1009 (3).jpg,0
1009 (4).jpg,0
1009 (5).jpg,0
1009 (6).jpg,0
1009 (7).jpg,0
1009 (8).jpg,0
1009 (9).jpg,0
1009 (10).jpg,0
1009.jpg,0
1010 (2).jpg,0
1010 (3).jpg,0
1010 (4).jpg,0
1010 (5).jpg,0
1010 (6).jpg,0
1010 (7).jpg,0
1010 (8).jpg,0
1010 (9).jpg,0
1010 (10).jpg,0
1010.jpg,0
1011 (2).jpg,0
1011 (3).jpg,0
1011 (4).jpg,0
1011 (5).jpg,0
1011 (6).jpg,0
1011 (7).jpg,0
1011 (8).jpg,0
1011 (9).jpg,0
1011 (10).jpg,0
1011.jpg,0
1012 (2).jpg,0
1012 (3).jpg,0
1012 (4).jpg,0
1012 (5).jpg,0
1012 (6).jpg,0
1012 (7).jpg,0
1012 (8).jpg,0
1012 (9).jpg,0
1012 (10).jpg,0
1012.jpg,0
1013 (2).jpg,0
1013 (3).jpg,0
1013 (4).jpg,0
1013 (5).jpg,0
1013 (6).jpg,0
1013 (7).jpg,0
1013 (8).jpg,0
1013 (9).jpg,0
1013 (10).jpg,0
1013.jpg,0
1014 (2).jpg,0
1014 (3).jpg,0
1014 (4).jpg,0
1014 (5).jpg,0
1014 (6).jpg,0
1014 (7).jpg,0
1014 (8).jpg,0
1014 (9).jpg,0
1014 (10).jpg,0
1014.jpg,0
1015 (2).jpg,0
1015 (3).jpg,0
1015 (4).jpg,0
1015 (5).jpg,0
1015 (6).jpg,0
1015 (7).jpg,0
1015 (8).jpg,0
1015 (9).jpg,0
1015 (10).jpg,0
1015.jpg,0
1016 (2).jpg,0
1016 (3).jpg,0
1016 (4).jpg,0
1016 (5).jpg,0
1016 (6).jpg,0
1016 (7).jpg,0
1016 (8).jpg,0
1016 (9).jpg,0
1016 (10).jpg,0
1016.jpg,0
1017 (2).jpg,0
1017 (3).jpg,0
1017 (4).jpg,0
1017 (5).jpg,0
1017 (6).jpg,0
1017 (7).jpg,0
1017 (8).jpg,0
1017 (9).jpg,0
1017 (10).jpg,0
1017.jpg,0
1018 (2).jpg,0
1018 (3).jpg,0
1018 (4).jpg,0
1018 (5).jpg,0
1018 (6).jpg,0
1018 (7).jpg,0
1018 (8).jpg,0
1018 (9).jpg,0
1018 (10).jpg,0
1018.jpg,0
1019 (2).jpg,0
1019 (3).jpg,0
1019 (4).jpg,0
1019 (5).jpg,0
1019 (6).jpg,0
1019 (7).jpg,0
1019 (8).jpg,0
1019 (9).jpg,0
1019 (10).jpg,0
1019.jpg,0
1020 (2).jpg,0
1020 (3).jpg,0
1020 (4).jpg,0
1020 (5).jpg,0
1020 (6).jpg,0
1020 (7).jpg,0
1020 (8).jpg,0
1020 (9).jpg,0
1020 (10).jpg,0
1020.jpg,0
1021 (2).jpg,0
1021 (3).jpg,0
1021 (4).jpg,0
1021 (5).jpg,0
1021 (6).jpg,0
1021 (7).jpg,0
1021 (8).jpg,0
1021 (9).jpg,0
1021 (10).jpg,0
1021.jpg,0
1022 (2).jpg,0
1022 (3).jpg,0
1022 (4).jpg,0
1022 (5).jpg,0
1022 (6).jpg,0
1022 (7).jpg,0
1022 (8).jpg,0
1022 (9).jpg,0
1022 (10).jpg,0
1022.jpg,0
1023 (2).jpg,0
1023 (3).jpg,0
1023 (4).jpg,0
1023 (5).jpg,0
1023 (6).jpg,0
1023 (7).jpg,0
1023 (8).jpg,0
1023 (9).jpg,0
1023 (10).jpg,0
1023.jpg,0
1024 (2).jpg,0
1024 (3).jpg,0
1024 (4).jpg,0
1024 (5).jpg,0
1024 (6).jpg,0
1024 (7).jpg,0
1024 (8).jpg,0
1024 (9).jpg,0
1024 (10).jpg,0
1024.jpg,0
0000 (2).jpg,1
0000 (3).jpg,1
0000 (4).jpg,1
0000 (5).jpg,1
0000 (6).jpg,1
0000 (7).jpg,1
0000 (8).jpg,1
0000 (9).jpg,1
0000 (10).jpg,1
0000.jpg,1
0001 (2).jpg,1
0001 (3).jpg,1
0001 (4).jpg,1
0001 (5).jpg,1
0001 (6).jpg,1
0001 (7).jpg,1
0001 (8).jpg,1
0001 (9).jpg,1
0001 (10).jpg,1
0001.jpg,1
0002 (2).jpg,1
0002 (3).jpg,1
0002 (4).jpg,1
0002 (5).jpg,1
0002 (6).jpg,1
0002 (7).jpg,1
0002 (8).jpg,1
0002 (9).jpg,1
0002 (10).jpg,1
0002.jpg,1
0003 (2).jpg,1
0003 (3).jpg,1
0003 (4).jpg,1
0003 (5).jpg,1
0003 (6).jpg,1
0003 (7).jpg,1
0003 (8).jpg,1
0003 (9).jpg,1
0003 (10).jpg,1
0003.jpg,1
0004 (2).jpg,1
0004 (3).jpg,1
0004 (4).jpg,1
0004 (5).jpg,1
0004 (6).jpg,1
0004 (7).jpg,1
0004 (8).jpg,1
0004 (9).jpg,1
0004 (10).jpg,1
0004.jpg,1
0005 (2).jpg,1
0005 (3).jpg,1
0005 (4).jpg,1
0005 (5).jpg,1
0005 (6).jpg,1
0005 (7).jpg,1
0005 (8).jpg,1
0005 (9).jpg,1
0005 (10).jpg,1
0005.jpg,1
0006 (2).jpg,1
0006 (3).jpg,1
0006 (4).jpg,1
0006 (5).jpg,1
0006 (6).jpg,1
0006 (7).jpg,1
0006 (8).jpg,1
0006 (9).jpg,1
0006 (10).jpg,1
0006.jpg,1
0007 (2).jpg,1
0007 (3).jpg,1
0007 (4).jpg,1
0007 (5).jpg,1
0007 (6).jpg,1
0007 (7).jpg,1
0007 (8).jpg,1
0007 (9).jpg,1
0007 (10).jpg,1
0007.jpg,1
0008 (2).jpg,1
0008 (3).jpg,1
0008 (4).jpg,1
0008 (5).jpg,1
0008 (6).jpg,1
0008 (7).jpg,1
0008 (8).jpg,1
0008 (9).jpg,1
0008 (10).jpg,1
0008.jpg,1
0009 (2).jpg,1
0009 (3).jpg,1
0009 (4).jpg,1
0009 (5).jpg,1
0009 (6).jpg,1
0009 (7).jpg,1
0009 (8).jpg,1
0009 (9).jpg,1
0009 (10).jpg,1
0009.jpg,1
0010 (2).jpg,1
0010 (3).jpg,1
0010 (4).jpg,1
0010 (5).jpg,1
0010 (6).jpg,1
0010 (7).jpg,1
0010 (8).jpg,1
0010 (9).jpg,1
0010 (10).jpg,1
0010.jpg,1
0011 (2).jpg,1
0011 (3).jpg,1
0011 (4).jpg,1
0011 (5).jpg,1
0011 (6).jpg,1
0011 (7).jpg,1
0011 (8).jpg,1
0011 (9).jpg,1
0011 (10).jpg,1
0011.jpg,1
0012 (2).jpg,1
0012 (3).jpg,1
0012 (4).jpg,1
0012 (5).jpg,1
0012 (6).jpg,1
0012 (7).jpg,1
0012 (8).jpg,1
0012 (9).jpg,1
0012 (10).jpg,1
0012.jpg,1
0013 (2).jpg,1
0013 (3).jpg,1
0013 (4).jpg,1
0013 (5).jpg,1
0013 (6).jpg,1
0013 (7).jpg,1
0013 (8).jpg,1
0013 (9).jpg,1
0013 (10).jpg,1
0013.jpg,1
0014 (2).jpg,1
0014 (3).jpg,1
0014 (4).jpg,1
0014 (5).jpg,1
0014 (6).jpg,1
0014 (7).jpg,1
0014 (8).jpg,1
0014 (9).jpg,1
0014 (10).jpg,1
0014.jpg,1
0015 (2).jpg,1
0015 (3).jpg,1
0015 (4).jpg,1
0015 (5).jpg,1
0015 (6).jpg,1
0015 (7).jpg,1
0015 (8).jpg,1
0015 (9).jpg,1
0015 (10).jpg,1
0015.jpg,1
0016 (2).jpg,1
0016 (3).jpg,1
0016 (4).jpg,1
0016 (5).jpg,1
0016 (6).jpg,1
0016 (7).jpg,1
0016 (8).jpg,1
0016 (9).jpg,1
0016 (10).jpg,1
0016.jpg,1
0017 (2).jpg,1
0017 (3).jpg,1
0017 (4).jpg,1
0017 (5).jpg,1
0017 (6).jpg,1
0017 (7).jpg,1
0017 (8).jpg,1
0017 (9).jpg,1
0017 (10).jpg,1
0017.jpg,1
0018 (2).jpg,1
0018 (3).jpg,1
0018 (4).jpg,1
0018 (5).jpg,1
0018 (6).jpg,1
0018 (7).jpg,1
0018 (8).jpg,1
0018 (9).jpg,1
0018 (10).jpg,1
0018.jpg,1
0019 (2).jpg,1
0019 (3).jpg,1
0019 (4).jpg,1
0019 (5).jpg,1
0019 (6).jpg,1
0019 (7).jpg,1
0019 (8).jpg,1
0019 (9).jpg,1
0019 (10).jpg,1
0019.jpg,1
0020 (2).jpg,1
0020 (3).jpg,1
0020 (4).jpg,1
0020 (5).jpg,1
0020 (6).jpg,1
0020 (7).jpg,1
0020 (8).jpg,1
0020 (9).jpg,1
0020 (10).jpg,1
0020.jpg,1
0021 (2).jpg,1
0021 (3).jpg,1
0021 (4).jpg,1
0021 (5).jpg,1
0021 (6).jpg,1
0021 (7).jpg,1
0021 (8).jpg,1
0021 (9).jpg,1
0021 (10).jpg,1
0021.jpg,1
0022 (2).jpg,1
0022 (3).jpg,1
0022 (4).jpg,1
0022 (5).jpg,1
0022 (6).jpg,1
0022 (7).jpg,1
0022 (8).jpg,1
0022 (9).jpg,1
0022 (10).jpg,1
0022.jpg,1
0023 (2).jpg,1
0023 (3).jpg,1
0023 (4).jpg,1
0023 (5).jpg,1
0023 (6).jpg,1
0023 (7).jpg,1
0023 (8).jpg,1
0023 (9).jpg,1
0023 (10).jpg,1
0023.jpg,1
0024 (2).jpg,1
0024 (3).jpg,1
0024 (4).jpg,1
0024 (5).jpg,1
0024 (6).jpg,1
0024 (7).jpg,1
0024 (8).jpg,1
0024 (9).jpg,1
0024 (10).jpg,1
0024.jpg,1